{
  "type": "minecraft:chest",
  "pools": [
    {
      "rolls": 2,
      "bonus_rolls": 0.0,
      "entries": [
        {
          "type": "minecraft:item",
          "functions": [
            {
              "function": "set_count",
              "count": {
                "max": 2,
                "min": 1,
                "type": "uniform"
              }
            }
          ],
          "name": "minecraft:pale_hanging_moss"
        },
        {
          "type": "minecraft:item",
          "functions": [
            {
              "function": "minecraft:set_count",
              "count": {
                "type": "minecraft:uniform",
                "min": 1,
                "max": 4
              },
              "add": false
            }
          ],
          "name": "minecraft:wheat"
        },
        {
          "type": "minecraft:item",
          "name": "minecraft:emerald"
        },
        {
          "type": "minecraft:item",
          "name": "minecraft:charcoal"
        },
        {
          "type": "minecraft:item",
          "functions": [
            {
              "function": "minecraft:set_count",
              "count": {
                "type": "minecraft:uniform",
                "min": 2,
                "max": 6
              },
              "add": false
            }
          ],
          "name": "minecraft:beetroot"
        }
      ]
    },
    {
      "rolls": 1,
      "bonus_rolls": 0.0,
      "entries": [
        {
          "type": "minecraft:item",
          "functions": [
            {
              "function": "set_count",
              "count": {
                "max": 6,
                "min": 3,
                "type": "uniform"
              }
            }
          ],
          "name": "minecraft:porkchop"
        },
        {
          "type": "minecraft:item",
          "functions": [
            {
              "function": "minecraft:set_count",
              "count": {
                "type": "minecraft:uniform",
                "min": 3,
                "max": 6
              },
              "add": false
            }
          ],
          "name": "minecraft:mutton"
        },
        {
          "type": "minecraft:item",
          "functions": [
            {
              "function": "minecraft:set_count",
              "count": {
                "type": "minecraft:uniform",
                "min": 3,
                "max": 6
              },
              "add": false
            }
          ],
          "name": "minecraft:beef"
        }
      ]
    },
    {
      "rolls": 1,
      "bonus_rolls": 0.0,
      "entries": [
        {
          "type": "minecraft:empty",
          "weight": 160
        },
        {
          "type": "item",
          "name": "minecraft:sentry_armor_trim_smithing_template",
          "weight": 2
        },
        {
          "type": "item",
          "name": "minecraft:vex_armor_trim_smithing_template",
          "weight": 2
        },
        {
          "type": "item",
          "name": "minecraft:creaking_heart",
          "weight": 10
        }
      ]
    }
  ],
  "functions": [
    {
      "function": "minecraft:reference",
      "name": "nova_structures:loot_modifier"
    }
  ]
}