{
  "type": "minecraft:chest",
  "pools": [
    {
      "rolls": 3,
      "bonus_rolls": 0.0,
      "entries": [
        {
          "type": "minecraft:item",
          "name": "minecraft:beetroot",
          "weight": 10
        },
        {
          "type": "minecraft:item",
          "name": "minecraft:potato",
          "weight": 5
        },
        {
          "type": "minecraft:item",
          "name": "minecraft:poisonous_potato",
          "weight": 3
        },
        {
          "type": "minecraft:item",
          "name": "minecraft:bread",
          "weight": 5
        },
        {
          "type": "minecraft:item",
          "name": "minecraft:carrot",
          "weight": 5
        },
        {
          "type": "minecraft:item",
          "name": "minecraft:pumpkin_pie",
          "weight": 5
        },
        {
          "type": "minecraft:item",
          "name": "minecraft:cod",
          "weight": 3
        },
        {
          "type": "minecraft:item",
          "name": "minecraft:salmon",
          "weight": 3
        },
        {
          "type": "minecraft:item",
          "name": "minecraft:rabbit",
          "weight": 3
        },
        {
          "type": "minecraft:item",
          "name": "minecraft:beef",
          "weight": 3
        },
        {
          "type": "minecraft:item",
          "name": "minecraft:porkchop",
          "weight": 3
        },
        {
          "type": "minecraft:item",
          "name": "minecraft:apple",
          "weight": 5
        },
        {
          "type": "minecraft:item",
          "name": "minecraft:dried_kelp",
          "functions": [
            {
              "function": "set_count",
              "count": {
                "max": 2,
                "min": 1
              }
            }
          ],
          "weight": 3
        },
        {
          "type": "minecraft:item",
          "name": "minecraft:iron_ingot",
          "weight": 5
        },
        {
          "type": "minecraft:item",
          "name": "minecraft:gold_ingot",
          "weight": 5
        },
        {
          "type": "minecraft:item",
          "name": "minecraft:diamond"
        }
      ]
    },
    {
      "rolls": 2,
      "bonus_rolls": 0.0,
      "entries": [
        {
          "type": "minecraft:item",
          "functions": [
            {
              "function": "set_count",
              "count": {
                "max": 3,
                "min": 1,
                "type": "uniform"
              }
            }
          ],
          "name": "minecraft:red_mushroom"
        },
        {
          "type": "minecraft:item",
          "functions": [
            {
              "function": "set_count",
              "count": {
                "max": 3,
                "min": 1,
                "type": "uniform"
              }
            }
          ],
          "name": "minecraft:brown_mushroom"
        },
        {
          "type": "minecraft:item",
          "name": "minecraft:pufferfish"
        },
        {
          "type": "minecraft:item",
          "functions": [
            {
              "function": "set_count",
              "count": {
                "max": 3,
                "min": 1,
                "type": "uniform"
              }
            }
          ],
          "name": "minecraft:cobweb"
        },
        {
          "type": "minecraft:item",
          "functions": [
            {
              "function": "set_count",
              "count": {
                "max": 5,
                "min": 2,
                "type": "uniform"
              }
            }
          ],
          "name": "minecraft:pale_hanging_moss"
        },
        {
          "type": "minecraft:item",
          "functions": [
            {
              "function": "minecraft:set_count",
              "count": {
                "type": "minecraft:uniform",
                "min": 1,
                "max": 2
              },
              "add": false
            }
          ],
          "name": "minecraft:pale_oak_sapling"
        },
        {
          "type": "minecraft:item",
          "functions": [
            {
              "function": "minecraft:set_count",
              "count": {
                "type": "minecraft:uniform",
                "min": 1,
                "max": 2
              },
              "add": false
            }
          ],
          "name": "minecraft:pale_oak_log"
        },
        {
          "type": "minecraft:item",
          "weight": 3,
          "functions": [
            {
              "function": "minecraft:limit_count",
              "limit": {
                "type": "minecraft:uniform",
                "min": 1.0,
                "max": 2.0
              }
            }
          ],
          "name": "minecraft:pale_moss_block"
        },
        {
          "type": "minecraft:item",
          "functions": [
            {
              "function": "minecraft:set_count",
              "count": {
                "type": "minecraft:uniform",
                "min": 2,
                "max": 4
              },
              "add": false
            }
          ],
          "name": "minecraft:pale_moss_carpet"
        }
      ]
    },
    {
      "rolls": 1,
      "bonus_rolls": 0.0,
      "entries": [
        {
          "type": "minecraft:empty",
          "weight": 160
        },
        {
          "type": "item",
          "name": "minecraft:sentry_armor_trim_smithing_template",
          "weight": 2
        },
        {
          "type": "item",
          "name": "minecraft:vex_armor_trim_smithing_template",
          "weight": 2
        },
        {
          "type": "item",
          "name": "minecraft:creaking_heart",
          "weight": 10
        }
      ]
    }
  ],
  "functions": [
    {
      "function": "minecraft:reference",
      "name": "nova_structures:loot_modifier"
    }
  ]
}