{
  "type": "minecraft:chest",
  "pools": [
    {
      "rolls": 2,
      "bonus_rolls": 0.0,
      "entries": [
        {
          "type": "minecraft:item",
          "functions": [
            {
              "function": "set_count",
              "count": {
                "max": 4,
                "min": 2,
                "type": "uniform"
              }
            }
          ],
          "name": "minecraft:coal"
        },
        {
          "type": "minecraft:item",
          "functions": [
            {
              "function": "minecraft:set_count",
              "count": {
                "type": "minecraft:uniform",
                "min": 1,
                "max": 2
              },
              "add": false
            }
          ],
          "name": "minecraft:iron_ingot"
        },
        {
          "type": "minecraft:item",
          "functions": [
            {
              "function": "minecraft:set_count",
              "count": {
                "type": "minecraft:uniform",
                "min": 1,
                "max": 2
              },
              "add": false
            }
          ],
          "name": "minecraft:gold_ingot"
        },
        {
          "type": "minecraft:item",
          "name": "minecraft:diamond"
        },
        {
          "type": "minecraft:item",
          "functions": [
            {
              "function": "minecraft:set_count",
              "count": {
                "type": "minecraft:uniform",
                "min": 2,
                "max": 4
              },
              "add": false
            }
          ],
          "name": "minecraft:iron_nugget"
        },
        {
          "type": "minecraft:item",
          "functions": [
            {
              "function": "minecraft:set_count",
              "count": {
                "type": "minecraft:uniform",
                "min": 2,
                "max": 4
              },
              "add": false
            }
          ],
          "name": "minecraft:gold_nugget"
        },
        {
          "type": "minecraft:item",
          "functions": [
            {
              "function": "minecraft:set_count",
              "count": {
                "type": "minecraft:uniform",
                "min": 2,
                "max": 3
              },
              "add": false
            }
          ],
          "name": "minecraft:raw_iron"
        },
        {
          "type": "minecraft:item",
          "functions": [
            {
              "function": "minecraft:set_count",
              "count": {
                "type": "minecraft:uniform",
                "min": 2,
                "max": 3
              },
              "add": false
            }
          ],
          "name": "minecraft:raw_gold"
        },
        {
          "type": "minecraft:item",
          "functions": [
            {
              "function": "minecraft:set_count",
              "count": {
                "type": "minecraft:uniform",
                "min": 1,
                "max": 2
              },
              "add": false
            }
          ],
          "name": "minecraft:obsidian"
        }
      ]
    },
    {
      "rolls": {
        "max": 2,
        "min": 1
      },
      "bonus_rolls": 0.0,
      "entries": [
        {
          "type": "minecraft:group",
          "children": [
            {
              "type": "minecraft:item",
              "name": "minecraft:iron_axe"
            },
            {
              "type": "minecraft:item",
              "name": "minecraft:iron_sword"
            },
            {
              "type": "minecraft:item",
              "name": "minecraft:iron_chestplate"
            },
            {
              "type": "minecraft:item",
              "name": "minecraft:chainmail_chestplate"
            }
          ],
          "functions": [
            {
              "function": "enchant_with_levels",
              "options": "#nova_structures:pale_residence",
              "levels": {
                "max": 25,
                "min": 15
              }
            },
            {
              "function": "set_damage",
              "damage": {
                "max": 0.9,
                "min": 0.5
              }
            }
          ]
        },
        {
          "type": "minecraft:item",
          "name": "minecraft:lava_bucket"
        },
        {
          "type": "minecraft:item",
          "name": "minecraft:water_bucket"
        },
        {
          "type": "minecraft:item",
          "name": "minecraft:bucket",
          "weight": 2
        },
        {
          "type": "minecraft:item",
          "name": "minecraft:saddle",
          "weight": 3
        },
        {
          "type": "minecraft:item",
          "name": "minecraft:iron_horse_armor"
        }
      ]
    },
    {
      "rolls": 1,
      "bonus_rolls": 0.0,
      "entries": [
        {
          "type": "minecraft:empty",
          "weight": 160
        },
        {
          "type": "item",
          "name": "minecraft:sentry_armor_trim_smithing_template",
          "weight": 2
        },
        {
          "type": "item",
          "name": "minecraft:vex_armor_trim_smithing_template",
          "weight": 2
        },
        {
          "type": "item",
          "name": "minecraft:creaking_heart",
          "weight": 10
        }
      ]
    }
  ],
  "functions": [
    {
      "function": "minecraft:reference",
      "name": "nova_structures:loot_modifier"
    }
  ]
}