{
  "type": "minecraft:spline",
  "spline": {
    "coordinate": "minecraft:overworld_surface",
    "points": [
      {
        "location": 0.05,
        "derivative": 0,
        "value": {
          "coordinate": {
            "type": "minecraft:y_clamped_gradient",
            "from_y": -64,
            "to_y": 2032,
            "from_value": -64,
            "to_value": 2032
          },
          "points": [
            {
              "location": 62,
              "derivative": 0,
              "value": 1
            },
            {
              "location": 63,
              "derivative": 0,
              "value": -1
            }
          ]
        }
      },
      {
        "location": 0.05,
        "derivative": 0,
        "value": -1
      }
    ]
  }
}
