{
  "type": "minecraft:add",
  "argument1": "minecraft:overworld_caves_small_baseline",
  "argument2": {
    "type": "minecraft:add",
    "argument1": {
      "type": "minecraft:mul",
      "argument1": {
        "type": "minecraft:noise",
        "noise": "minecraft:cave_layer",
        "xz_scale": 10,
        "y_scale": 4
      },
      "argument2": 1.5
    },
    "argument2": {
      "type": "minecraft:mul",
      "argument1": {
        "type": "minecraft:noise",
        "noise": "minecraft:jagged",
        "xz_scale": 1000,
        "y_scale": 0
      },
      "argument2": 0.5
    }
  }
}
