{
  "type": "minecraft:spline",
  "spline": {
    "coordinate": "minecraft:overworld_determiner",
    "points": [
      {
        "location": -0.4,
        "derivative": 0,
        "value": {
          "coordinate": "minecraft:ocean",
          "points": [
            {
              "location": 0,
              "derivative": 1,
              "value": 0
            }
          ]
        }
      },
      {
        "location": -0.3,
        "derivative": 0,
        "value": {
          "coordinate": "minecraft:plains",
          "points": [
            {
              "location": 0,
              "derivative": 1,
              "value": 0
            }
          ]
        }
      },
      {
        "location": -0.29,
        "derivative": 0,
        "value": {
          "coordinate": {
            "type": "minecraft:add",
            "argument1": "minecraft:overworld_baseline",
            "argument2": -0.91
          },
          "points": [
            {
              "location": 0,
              "derivative": 1,
              "value": 0
            }
          ]
        }
      },
      {
        "location": -0.28,
        "derivative": 0,
        "value": {
          "coordinate": "minecraft:plains",
          "points": [
            {
              "location": 0,
              "derivative": 1,
              "value": 0
            }
          ]
        }
      },
      {
        "location": -0.2,
        "derivative": 0,
        "value": {
          "coordinate": "minecraft:hills",
          "points": [
            {
              "location": 0,
              "derivative": 1,
              "value": 0
            }
          ]
        }
      },
      {
        "location": -0.2,
        "derivative": 0,
        "value": {
          "coordinate": "minecraft:hills",
          "points": [
            {
              "location": 0,
              "derivative": 1,
              "value": 0
            }
          ]
        }
      },
      {
        "location": -0.125,
        "derivative": 0,
        "value": {
          "coordinate": "minecraft:extreme_hills",
          "points": [
            {
              "location": 0,
              "derivative": 1,
              "value": 0
            }
          ]
        }
      },
      {
        "location": -0.075,
        "derivative": 0,
        "value": {
          "coordinate": "minecraft:mountains",
          "points": [
            {
              "location": 0,
              "derivative": 1,
              "value": 0
            }
          ]
        }
      },
      {
        "location": 0,
        "derivative": 0,
        "value": {
          "coordinate": "minecraft:extreme_mountains",
          "points": [
            {
              "location": 0,
              "derivative": 1,
              "value": 0
            }
          ]
        }
      },
      {
        "location": 0.075,
        "derivative": 0,
        "value": {
          "coordinate": "minecraft:mountains",
          "points": [
            {
              "location": 0,
              "derivative": 1,
              "value": 0
            }
          ]
        }
      },
      {
        "location": 0.125,
        "derivative": 0,
        "value": {
          "coordinate": "minecraft:extreme_hills",
          "points": [
            {
              "location": 0,
              "derivative": 1,
              "value": 0
            }
          ]
        }
      },
      {
        "location": 0.2,
        "derivative": 0,
        "value": {
          "coordinate": "minecraft:hills",
          "points": [
            {
              "location": 0,
              "derivative": 1,
              "value": 0
            }
          ]
        }
      },
      {
        "location": 0.28,
        "derivative": 0,
        "value": {
          "coordinate": "minecraft:plains",
          "points": [
            {
              "location": 0,
              "derivative": 1,
              "value": 0
            }
          ]
        }
      },
      {
        "location": 0.29,
        "derivative": 0,
        "value": {
          "coordinate": {
            "type": "minecraft:add",
            "argument1": "minecraft:overworld_baseline",
            "argument2": -0.91
          },
          "points": [
            {
              "location": 0,
              "derivative": 1,
              "value": 0
            }
          ]
        }
      },
      {
        "location": 0.3,
        "derivative": 0,
        "value": {
          "coordinate": "minecraft:plains",
          "points": [
            {
              "location": 0,
              "derivative": 1,
              "value": 0
            }
          ]
        }
      },
      {
        "location": 0.4,
        "derivative": 0,
        "value": {
          "coordinate": "minecraft:ocean",
          "points": [
            {
              "location": 0,
              "derivative": 1,
              "value": 0
            }
          ]
        }
      }
    ]
  }
}
