{
  "type": "minecraft:spline",
  "spline": {
    "coordinate": "minecraft:cave_determiner",
    "points": [
      {
        "location": -2,
        "derivative": 0,
        "value": 1
      },
      {
        "location": -1.975,
        "derivative": 0,
        "value": -1
      },
      {
        "location": -1.95,
        "derivative": 0,
        "value": 1
      },
      {
        "location": -1.925,
        "derivative": 0,
        "value": -1
      },
      {
        "location": -1.9,
        "derivative": 0,
        "value": 1
      },
      {
        "location": -1.875,
        "derivative": 0,
        "value": -1
      },
      {
        "location": -1.85,
        "derivative": 0,
        "value": 1
      },
      {
        "location": -1.825,
        "derivative": 0,
        "value": -1
      },
      {
        "location": -1.8,
        "derivative": 0,
        "value": 1
      },
      {
        "location": -1.775,
        "derivative": 0,
        "value": -1
      },
      {
        "location": -1.75,
        "derivative": 0,
        "value": 1
      },
      {
        "location": -1.725,
        "derivative": 0,
        "value": -1
      },
      {
        "location": -1.7,
        "derivative": 0,
        "value": 1
      },
      {
        "location": -1.675,
        "derivative": 0,
        "value": -1
      },
      {
        "location": -1.65,
        "derivative": 0,
        "value": 1
      },
      {
        "location": -1.625,
        "derivative": 0,
        "value": -1
      },
      {
        "location": -1.6,
        "derivative": 0,
        "value": 1
      },
      {
        "location": -1.575,
        "derivative": 0,
        "value": -1
      },
      {
        "location": -1.55,
        "derivative": 0,
        "value": 1
      },
      {
        "location": -1.525,
        "derivative": 0,
        "value": -1
      },
      {
        "location": -1.5,
        "derivative": 0,
        "value": 1
      },
      {
        "location": -1.475,
        "derivative": 0,
        "value": -1
      },
      {
        "location": -1.45,
        "derivative": 0,
        "value": 1
      },
      {
        "location": -1.425,
        "derivative": 0,
        "value": -1
      },
      {
        "location": -1.4,
        "derivative": 0,
        "value": 1
      },
      {
        "location": -1.375,
        "derivative": 0,
        "value": -1
      },
      {
        "location": -1.35,
        "derivative": 0,
        "value": 1
      },
      {
        "location": -1.325,
        "derivative": 0,
        "value": -1
      },
      {
        "location": -1.3,
        "derivative": 0,
        "value": 1
      },
      {
        "location": -1.275,
        "derivative": 0,
        "value": -1
      },
      {
        "location": -1.25,
        "derivative": 0,
        "value": 1
      },
      {
        "location": -1.225,
        "derivative": 0,
        "value": -1
      },
      {
        "location": -1.2,
        "derivative": 0,
        "value": 1
      },
      {
        "location": -1.175,
        "derivative": 0,
        "value": -1
      },
      {
        "location": -1.15,
        "derivative": 0,
        "value": 1
      },
      {
        "location": -1.125,
        "derivative": 0,
        "value": -1
      },
      {
        "location": -1.1,
        "derivative": 0,
        "value": 1
      },
      {
        "location": -1.075,
        "derivative": 0,
        "value": -1
      },
      {
        "location": -1.05,
        "derivative": 0,
        "value": 1
      },
      {
        "location": -1.025,
        "derivative": 0,
        "value": -1
      },
      {
        "location": -1.1,
        "derivative": 0,
        "value": 1
      },
      {
        "location": -1.075,
        "derivative": 0,
        "value": -1
      },
      {
        "location": -1.05,
        "derivative": 0,
        "value": 1
      },
      {
        "location": -1.025,
        "derivative": 0,
        "value": -1
      },
      {
        "location": -1,
        "derivative": 0,
        "value": 1
      },
      {
        "location": -0.975,
        "derivative": 0,
        "value": -1
      },
      {
        "location": -0.95,
        "derivative": 0,
        "value": 1
      },
      {
        "location": -0.925,
        "derivative": 0,
        "value": -1
      },
      {
        "location": -0.9,
        "derivative": 0,
        "value": 1
      },
      {
        "location": -0.875,
        "derivative": 0,
        "value": -1
      },
      {
        "location": -0.85,
        "derivative": 0,
        "value": 1
      },
      {
        "location": -0.825,
        "derivative": 0,
        "value": -1
      },
      {
        "location": -0.8,
        "derivative": 0,
        "value": 1
      },
      {
        "location": -0.775,
        "derivative": 0,
        "value": -1
      },
      {
        "location": -0.75,
        "derivative": 0,
        "value": 1
      },
      {
        "location": -0.725,
        "derivative": 0,
        "value": -1
      },
      {
        "location": -0.7,
        "derivative": 0,
        "value": 1
      },
      {
        "location": -0.675,
        "derivative": 0,
        "value": -1
      },
      {
        "location": -0.65,
        "derivative": 0,
        "value": 1
      },
      {
        "location": -0.625,
        "derivative": 0,
        "value": -1
      },
      {
        "location": -0.6,
        "derivative": 0,
        "value": 1
      },
      {
        "location": -0.575,
        "derivative": 0,
        "value": -1
      },
      {
        "location": -0.55,
        "derivative": 0,
        "value": 1
      },
      {
        "location": -0.525,
        "derivative": 0,
        "value": -1
      },
      {
        "location": -0.5,
        "derivative": 0,
        "value": 1
      },
      {
        "location": -0.475,
        "derivative": 0,
        "value": -1
      },
      {
        "location": -0.45,
        "derivative": 0,
        "value": 1
      },
      {
        "location": -0.425,
        "derivative": 0,
        "value": -1
      },
      {
        "location": -0.4,
        "derivative": 0,
        "value": 1
      },
      {
        "location": -0.375,
        "derivative": 0,
        "value": -1
      },
      {
        "location": -0.35,
        "derivative": 0,
        "value": 1
      },
      {
        "location": -0.325,
        "derivative": 0,
        "value": -1
      },
      {
        "location": -0.3,
        "derivative": 0,
        "value": 1
      },
      {
        "location": -0.275,
        "derivative": 0,
        "value": -1
      },
      {
        "location": -0.25,
        "derivative": 0,
        "value": 1
      },
      {
        "location": -0.225,
        "derivative": 0,
        "value": -1
      },
      {
        "location": -0.2,
        "derivative": 0,
        "value": 1
      },
      {
        "location": -0.175,
        "derivative": 0,
        "value": -1
      },
      {
        "location": -0.15,
        "derivative": 0,
        "value": 1
      },
      {
        "location": -0.125,
        "derivative": 0,
        "value": -1
      },
      {
        "location": -0.1,
        "derivative": 0,
        "value": 1
      },
      {
        "location": -0.075,
        "derivative": 0,
        "value": -1
      },
      {
        "location": -0.05,
        "derivative": 0,
        "value": 1
      },
      {
        "location": -0.025,
        "derivative": 0,
        "value": -1
      },
      {
        "location": 0,
        "derivative": 0,
        "value": 1
      },
      {
        "location": 0.025,
        "derivative": 0,
        "value": -1
      },
      {
        "location": 0.05,
        "derivative": 0,
        "value": 1
      },
      {
        "location": 0.075,
        "derivative": 0,
        "value": -1
      },
      {
        "location": 0.1,
        "derivative": 0,
        "value": 1
      },
      {
        "location": 0.125,
        "derivative": 0,
        "value": -1
      },
      {
        "location": 0.15,
        "derivative": 0,
        "value": 1
      },
      {
        "location": 0.175,
        "derivative": 0,
        "value": -1
      },
      {
        "location": 0.2,
        "derivative": 0,
        "value": 1
      },
      {
        "location": 0.225,
        "derivative": 0,
        "value": -1
      },
      {
        "location": 0.25,
        "derivative": 0,
        "value": 1
      },
      {
        "location": 0.275,
        "derivative": 0,
        "value": -1
      },
      {
        "location": 0.3,
        "derivative": 0,
        "value": 1
      },
      {
        "location": 0.325,
        "derivative": 0,
        "value": -1
      },
      {
        "location": 0.35,
        "derivative": 0,
        "value": 1
      },
      {
        "location": 0.375,
        "derivative": 0,
        "value": -1
      },
      {
        "location": 0.4,
        "derivative": 0,
        "value": 1
      },
      {
        "location": 0.425,
        "derivative": 0,
        "value": -1
      },
      {
        "location": 0.45,
        "derivative": 0,
        "value": 1
      },
      {
        "location": 0.475,
        "derivative": 0,
        "value": -1
      },
      {
        "location": 0.5,
        "derivative": 0,
        "value": 1
      },
      {
        "location": 0.525,
        "derivative": 0,
        "value": -1
      },
      {
        "location": 0.55,
        "derivative": 0,
        "value": 1
      },
      {
        "location": 0.575,
        "derivative": 0,
        "value": -1
      },
      {
        "location": 0.6,
        "derivative": 0,
        "value": 1
      },
      {
        "location": 0.625,
        "derivative": 0,
        "value": -1
      },
      {
        "location": 0.65,
        "derivative": 0,
        "value": 1
      },
      {
        "location": 0.675,
        "derivative": 0,
        "value": -1
      },
      {
        "location": 0.7,
        "derivative": 0,
        "value": 1
      },
      {
        "location": 0.725,
        "derivative": 0,
        "value": -1
      },
      {
        "location": 0.75,
        "derivative": 0,
        "value": 1
      },
      {
        "location": 0.775,
        "derivative": 0,
        "value": -1
      },
      {
        "location": 0.8,
        "derivative": 0,
        "value": 1
      },
      {
        "location": 0.825,
        "derivative": 0,
        "value": -1
      },
      {
        "location": 0.85,
        "derivative": 0,
        "value": 1
      },
      {
        "location": 0.875,
        "derivative": 0,
        "value": -1
      },
      {
        "location": 0.9,
        "derivative": 0,
        "value": 1
      },
      {
        "location": 0.925,
        "derivative": 0,
        "value": -1
      },
      {
        "location": 0.95,
        "derivative": 0,
        "value": 1
      },
      {
        "location": 0.975,
        "derivative": 0,
        "value": -1
      },
      {
        "location": 1,
        "derivative": 0,
        "value": 1
      },
      {
        "location": 1.025,
        "derivative": 0,
        "value": -1
      },
      {
        "location": 1.05,
        "derivative": 0,
        "value": 1
      },
      {
        "location": 1.075,
        "derivative": 0,
        "value": -1
      },
      {
        "location": 1.1,
        "derivative": 0,
        "value": 1
      },
      {
        "location": 1.125,
        "derivative": 0,
        "value": -1
      },
      {
        "location": 1.15,
        "derivative": 0,
        "value": 1
      },
      {
        "location": 1.175,
        "derivative": 0,
        "value": -1
      },
      {
        "location": 1.2,
        "derivative": 0,
        "value": 1
      },
      {
        "location": 1.225,
        "derivative": 0,
        "value": -1
      },
      {
        "location": 1.25,
        "derivative": 0,
        "value": 1
      },
      {
        "location": 1.275,
        "derivative": 0,
        "value": -1
      },
      {
        "location": 1.3,
        "derivative": 0,
        "value": 1
      },
      {
        "location": 1.325,
        "derivative": 0,
        "value": -1
      },
      {
        "location": 1.35,
        "derivative": 0,
        "value": 1
      },
      {
        "location": 1.375,
        "derivative": 0,
        "value": -1
      },
      {
        "location": 1.4,
        "derivative": 0,
        "value": 1
      },
      {
        "location": 1.425,
        "derivative": 0,
        "value": -1
      },
      {
        "location": 1.45,
        "derivative": 0,
        "value": 1
      },
      {
        "location": 1.475,
        "derivative": 0,
        "value": -1
      },
      {
        "location": 1.5,
        "derivative": 0,
        "value": 1
      },
      {
        "location": 1.525,
        "derivative": 0,
        "value": -1
      },
      {
        "location": 1.55,
        "derivative": 0,
        "value": 1
      },
      {
        "location": 1.575,
        "derivative": 0,
        "value": -1
      },
      {
        "location": 1.6,
        "derivative": 0,
        "value": 1
      },
      {
        "location": 1.625,
        "derivative": 0,
        "value": -1
      },
      {
        "location": 1.65,
        "derivative": 0,
        "value": 1
      },
      {
        "location": 1.675,
        "derivative": 0,
        "value": -1
      },
      {
        "location": 1.7,
        "derivative": 0,
        "value": 1
      },
      {
        "location": 1.725,
        "derivative": 0,
        "value": -1
      },
      {
        "location": 1.75,
        "derivative": 0,
        "value": 1
      },
      {
        "location": 1.775,
        "derivative": 0,
        "value": -1
      },
      {
        "location": 1.8,
        "derivative": 0,
        "value": 1
      },
      {
        "location": 1.825,
        "derivative": 0,
        "value": -1
      },
      {
        "location": 1.85,
        "derivative": 0,
        "value": 1
      },
      {
        "location": 1.875,
        "derivative": 0,
        "value": -1
      },
      {
        "location": 1.9,
        "derivative": 0,
        "value": 1
      },
      {
        "location": 1.925,
        "derivative": 0,
        "value": -1
      },
      {
        "location": 1.95,
        "derivative": 0,
        "value": 1
      },
      {
        "location": 1.975,
        "derivative": 0,
        "value": -1
      },
      {
        "location": 2,
        "derivative": 0,
        "value": 1
      }
    ]
  }
}
