{
  "type": "minecraft:spline",
  "spline": {
    "coordinate": "minecraft:overworld_determiner",
    "points": [
      {
        "location": -0.4,
        "derivative": 0,
        "value": {
          "coordinate": "minecraft:overworld_ocean_factor",
          "points": [
            {
              "location": 0,
              "derivative": 1,
              "value": 0
            }
          ]
        }
      },
      {
        "location": -0.275,
        "derivative": 0,
        "value": {
          "coordinate": "minecraft:overworld_plains_factor",
          "points": [
            {
              "location": 0,
              "derivative": 1,
              "value": 0
            }
          ]
        }
      },
      {
        "location": -0.2,
        "derivative": 0,
        "value": {
          "coordinate": "minecraft:overworld_hills_factor",
          "points": [
            {
              "location": 0,
              "derivative": 1,
              "value": 0
            }
          ]
        }
      },
      {
        "location": -0.125,
        "derivative": 0,
        "value": {
          "coordinate": "minecraft:overworld_extreme_hills_factor",
          "points": [
            {
              "location": 0,
              "derivative": 1,
              "value": 0
            }
          ]
        }
      },
      {
        "location": -0.075,
        "derivative": 0,
        "value": {
          "coordinate": "minecraft:overworld_mountains_factor",
          "points": [
            {
              "location": 0,
              "derivative": 1,
              "value": 0
            }
          ]
        }
      },
      {
        "location": 0,
        "derivative": 0,
        "value": {
          "coordinate": "minecraft:overworld_extreme_mountains_factor",
          "points": [
            {
              "location": 0,
              "derivative": 1,
              "value": 0
            }
          ]
        }
      },
      {
        "location": 0.075,
        "derivative": 0,
        "value": {
          "coordinate": "minecraft:overworld_mountains_factor",
          "points": [
            {
              "location": 0,
              "derivative": 1,
              "value": 0
            }
          ]
        }
      },
      {
        "location": 0.125,
        "derivative": 0,
        "value": {
          "coordinate": "minecraft:overworld_extreme_hills_factor",
          "points": [
            {
              "location": 0,
              "derivative": 1,
              "value": 0
            }
          ]
        }
      },
      {
        "location": 0.2,
        "derivative": 0,
        "value": {
          "coordinate": "minecraft:overworld_hills_factor",
          "points": [
            {
              "location": 0,
              "derivative": 1,
              "value": 0
            }
          ]
        }
      },
      {
        "location": 0.275,
        "derivative": 0,
        "value": {
          "coordinate": "minecraft:overworld_plains_factor",
          "points": [
            {
              "location": 0,
              "derivative": 1,
              "value": 0
            }
          ]
        }
      },
      {
        "location": 0.4,
        "derivative": 0,
        "value": {
          "coordinate": "minecraft:overworld_ocean_factor",
          "points": [
            {
              "location": 0,
              "derivative": 1,
              "value": 0
            }
          ]
        }
      }
    ]
  }
}
