{
  "type": "minecraft:spline",
  "spline": {
    "coordinate": "minecraft:cave_determiner",
    "points": [
      {
        "location": -2,
        "derivative": 0,
        "value": 1
      },
      {
        "location": -1.95,
        "derivative": 0,
        "value": -1
      },
      {
        "location": -1.9,
        "derivative": 0,
        "value": 1
      },
      {
        "location": -1.85,
        "derivative": 0,
        "value": -1
      },
      {
        "location": -1.8,
        "derivative": 0,
        "value": 1
      },
      {
        "location": -1.75,
        "derivative": 0,
        "value": -1
      },
      {
        "location": -1.7,
        "derivative": 0,
        "value": 1
      },
      {
        "location": -1.65,
        "derivative": 0,
        "value": -1
      },
      {
        "location": -1.6,
        "derivative": 0,
        "value": 1
      },
      {
        "location": -1.55,
        "derivative": 0,
        "value": -1
      },
      {
        "location": -1.5,
        "derivative": 0,
        "value": 1
      },
      {
        "location": -1.45,
        "derivative": 0,
        "value": -1
      },
      {
        "location": -1.4,
        "derivative": 0,
        "value": 1
      },
      {
        "location": -1.35,
        "derivative": 0,
        "value": -1
      },
      {
        "location": -1.3,
        "derivative": 0,
        "value": 1
      },
      {
        "location": -1.25,
        "derivative": 0,
        "value": -1
      },
      {
        "location": -1.2,
        "derivative": 0,
        "value": 1
      },
      {
        "location": -1.15,
        "derivative": 0,
        "value": -1
      },
      {
        "location": -1.1,
        "derivative": 0,
        "value": 1
      },
      {
        "location": -1.05,
        "derivative": 0,
        "value": -1
      },
      {
        "location": -1,
        "derivative": 0,
        "value": 1
      },
      {
        "location": -0.95,
        "derivative": 0,
        "value": -1
      },
      {
        "location": -0.9,
        "derivative": 0,
        "value": 1
      },
      {
        "location": -0.85,
        "derivative": 0,
        "value": -1
      },
      {
        "location": -0.8,
        "derivative": 0,
        "value": 1
      },
      {
        "location": -0.75,
        "derivative": 0,
        "value": -1
      },
      {
        "location": -0.7,
        "derivative": 0,
        "value": 1
      },
      {
        "location": -0.65,
        "derivative": 0,
        "value": -1
      },
      {
        "location": -0.6,
        "derivative": 0,
        "value": 1
      },
      {
        "location": -0.55,
        "derivative": 0,
        "value": -1
      },
      {
        "location": -0.5,
        "derivative": 0,
        "value": 1
      },
      {
        "location": -0.45,
        "derivative": 0,
        "value": -1
      },
      {
        "location": -0.4,
        "derivative": 0,
        "value": 1
      },
      {
        "location": -0.35,
        "derivative": 0,
        "value": -1
      },
      {
        "location": -0.3,
        "derivative": 0,
        "value": 1
      },
      {
        "location": -0.25,
        "derivative": 0,
        "value": -1
      },
      {
        "location": -0.2,
        "derivative": 0,
        "value": 1
      },
      {
        "location": -0.15,
        "derivative": 0,
        "value": -1
      },
      {
        "location": -0.1,
        "derivative": 0,
        "value": 1
      },
      {
        "location": -0.05,
        "derivative": 0,
        "value": -1
      },
      {
        "location": 0,
        "derivative": 0,
        "value": 1
      },
      {
        "location": 0.05,
        "derivative": 0,
        "value": -1
      },
      {
        "location": 0.1,
        "derivative": 0,
        "value": 1
      },
      {
        "location": 0.15,
        "derivative": 0,
        "value": -1
      },
      {
        "location": 0.2,
        "derivative": 0,
        "value": 1
      },
      {
        "location": 0.25,
        "derivative": 0,
        "value": -1
      },
      {
        "location": 0.3,
        "derivative": 0,
        "value": 1
      },
      {
        "location": 0.35,
        "derivative": 0,
        "value": -1
      },
      {
        "location": 0.4,
        "derivative": 0,
        "value": 1
      },
      {
        "location": 0.45,
        "derivative": 0,
        "value": -1
      },
      {
        "location": 0.5,
        "derivative": 0,
        "value": 1
      },
      {
        "location": 0.55,
        "derivative": 0,
        "value": -1
      },
      {
        "location": 0.6,
        "derivative": 0,
        "value": 1
      },
      {
        "location": 0.65,
        "derivative": 0,
        "value": -1
      },
      {
        "location": 0.7,
        "derivative": 0,
        "value": 1
      },
      {
        "location": 0.75,
        "derivative": 0,
        "value": -1
      },
      {
        "location": 0.8,
        "derivative": 0,
        "value": 1
      },
      {
        "location": 0.85,
        "derivative": 0,
        "value": -1
      },
      {
        "location": 0.9,
        "derivative": 0,
        "value": 1
      },
      {
        "location": 0.95,
        "derivative": 0,
        "value": -1
      },
      {
        "location": 1,
        "derivative": 0,
        "value": 1
      },
      {
        "location": 1.05,
        "derivative": 0,
        "value": -1
      },
      {
        "location": 1.1,
        "derivative": 0,
        "value": 1
      },
      {
        "location": 1.15,
        "derivative": 0,
        "value": -1
      },
      {
        "location": 1.2,
        "derivative": 0,
        "value": 1
      },
      {
        "location": 1.25,
        "derivative": 0,
        "value": -1
      },
      {
        "location": 1.3,
        "derivative": 0,
        "value": 1
      },
      {
        "location": 1.35,
        "derivative": 0,
        "value": -1
      },
      {
        "location": 1.4,
        "derivative": 0,
        "value": 1
      },
      {
        "location": 1.45,
        "derivative": 0,
        "value": -1
      },
      {
        "location": 1.5,
        "derivative": 0,
        "value": 1
      },
      {
        "location": 1.55,
        "derivative": 0,
        "value": -1
      },
      {
        "location": 1.6,
        "derivative": 0,
        "value": 1
      },
      {
        "location": 1.65,
        "derivative": 0,
        "value": -1
      },
      {
        "location": 1.7,
        "derivative": 0,
        "value": 1
      },
      {
        "location": 1.75,
        "derivative": 0,
        "value": -1
      },
      {
        "location": 1.8,
        "derivative": 0,
        "value": 1
      },
      {
        "location": 1.85,
        "derivative": 0,
        "value": -1
      },
      {
        "location": 1.9,
        "derivative": 0,
        "value": 1
      },
      {
        "location": 1.95,
        "derivative": 0,
        "value": -1
      },
      {
        "location": 2,
        "derivative": 0,
        "value": 1
      }
    ]
  }
}
