{
  "type": "minecraft:spline",
  "spline": {
    "coordinate": "minecraft:overworld_surface",
    "points": [
      {
        "location": 0,
        "derivative": 0,
        "value": 0
      },
      {
        "location": 0.05,
        "derivative": 0,
        "value": 0
      },
      {
        "location": 0.05,
        "derivative": 0,
        "value": {
          "coordinate": "minecraft:overworld_surface",
          "points": [
            {
              "location": 0,
              "derivative": 1,
              "value": 0
            }
          ]
        }
      }
    ]
  }
}
