{
  "type": "minecraft:spline",
  "spline": {
    "coordinate": "minecraft:overworld_continentalness",
    "points": [
      {
        "location": 0.04,
        "derivative": 0,
        "value": {
          "coordinate": "minecraft:overworld_continentalness",
          "points": [
            {
              "location": 0,
              "derivative": 1,
              "value": 0
            }
          ]
        }
      },
      {
        "location": 0.05,
        "derivative": 0,
        "value": {
          "coordinate": {
            "type": "minecraft:add",
            "argument1": "minecraft:overworld_continentalness",
            "argument2": {
              "type": "minecraft:mul",
              "argument1": {
                "type": "minecraft:noise",
                "noise": "minecraft:cave_layer",
                "xz_scale": 20,
                "y_scale": 0
              },
              "argument2": 0.06
            }
          },
          "points": [
            {
              "location": 0,
              "derivative": 1,
              "value": 0
            }
          ]
        }
      }
    ]
  }
}
