{
    "description": {
        "translate": "enchantment.minecraft.multishot"
    },
    "exclusive_set": "#minecraft:exclusive_set/crossbow",
    "supported_items": "#minecraft:enchantable/crossbow",
    "weight": 2,
    "max_level": 1,
    "min_cost": {
        "base": 20,
        "per_level_above_first": 0
    },
    "max_cost": {
        "base": 50,
        "per_level_above_first": 0
    },
    "anvil_cost": 4,
    "slots": [
        "mainhand"
    ],
    "effects": {
        "minecraft:projectile_count": [
            {
                "effect": {
                    "type": "minecraft:add",
                    "value": {
                        "type": "minecraft:linear",
                        "base": 2,
                        "per_level_above_first": 2
                    }
                }
            }
        ],
        "minecraft:projectile_spread": [
            {
                "effect": {
                    "type": "minecraft:add",
                    "value": {
                        "type": "minecraft:linear",
                        "base": 10,
                        "per_level_above_first": 10
                    }
                }
            }
        ],
        "minecraft:projectile_spawned": [
            {
                "effect": {
                    "type": "minecraft:run_function",
                    "function": "better_multishot_jj:hit/pre"
                }
            }
        ]
    }
}