{
  "type": "minecraft:canyon",
  "config": {
    "probability": 0,
    "y": {
      "type": "minecraft:uniform",
      "min_inclusive": {
        "absolute": 10
      },
      "max_inclusive": {
        "absolute": 67
      }
    },
    "yScale": 3,
    "lava_level": {
      "above_bottom": 8
    },
    "replaceable": "#minecraft:overworld_carver_replaceables",
    "debug_settings": {
      "air_state": {
        "Name": "minecraft:warped_button",
        "Properties": {
          "face": "wall",
          "facing": "north",
          "powered": "false"
        }
      },
      "water_state": {
        "Name": "minecraft:candle",
        "Properties": {
          "candles": "1",
          "lit": "false",
          "waterlogged": "false"
        }
      },
      "lava_state": {
        "Name": "minecraft:orange_stained_glass"
      },
      "barrier_state": {
        "Name": "minecraft:glass"
      }
    },
    "vertical_rotation": {
      "type": "minecraft:uniform",
      "min_inclusive": -0.125,
      "max_exclusive": 0.125
    },
    "shape": {
      "distance_factor": {
        "type": "minecraft:uniform",
        "min_inclusive": 0.75,
        "max_exclusive": 1
      },
      "thickness": {
        "type": "minecraft:trapezoid",
        "min": 0,
        "max": 6,
        "plateau": 2
      },
      "width_smoothness": 3,
      "horizontal_radius_factor": {
        "type": "minecraft:uniform",
        "min_inclusive": 0.75,
        "max_exclusive": 1
      },
      "vertical_radius_default_factor": 1,
      "vertical_radius_center_factor": 0
    }
  }
}
