{
  "condition": "minecraft:all_of",
  "terms": [
    {
      "condition": "minecraft:entity_properties",
      "entity": "this",
      "predicate": {
        "equipment": {
          "mainhand": {
            "items": "minecraft:mace"
          }
        }
      }
    },
    {
      "condition": "minecraft:inverted",
      "term": {
        "condition": "minecraft:entity_properties",
        "entity": "this",
        "predicate": {
          "equipment": {
            "mainhand": {
              "components": {
                "minecraft:enchantments": {
                  "levels": {
                    "mace:hit": 1
                  }
                }
              }
            }
          }
        }
      }
    }
  ]
}
