{
  "type": "minecraft:equipment",
  "pools": [
    {
      "bonus_rolls": 0.0,
      "entries": [
        {
          "type": "minecraft:loot_table",
          "value": {
            "pools": [
              {
                "bonus_rolls": 0.0,
                "conditions": [
                  {
                    "chance": 0.6,
                    "condition": "minecraft:random_chance"
                  }
                ],
                "entries": [
                  {
                    "type": "minecraft:item",
                    "functions": [
                      {
                        "components": {
                          "minecraft:trim": {
                            "material": "minecraft:gold",
                            "pattern": "minecraft:rib"
                          }
                        },
                        "function": "minecraft:set_components"
                      }
                    ],
                    "name": "minecraft:iron_helmet"
                  }
                ],
                "rolls": 1.0
              },
              {
                "bonus_rolls": 0.0,
                "conditions": [
                  {
                    "chance": 0.6,
                    "condition": "minecraft:random_chance"
                  }
                ],
                "entries": [
                  {
                    "type": "minecraft:item",
                    "functions": [
                      {
                        "components": {
                          "minecraft:trim": {
                            "material": "minecraft:gold",
                            "pattern": "minecraft:rib"
                          }
                        },
                        "function": "minecraft:set_components"
                      }
                    ],
                    "name": "minecraft:iron_chestplate"
                  }
                ],
                "rolls": 1.0
              },
              {
                "bonus_rolls": 0.0,
                "conditions": [
                  {
                    "chance": 0.6,
                    "condition": "minecraft:random_chance"
                  }
                ],
                "entries": [
                  {
                    "type": "minecraft:item",
                    "name": "minecraft:bow",
                    "functions": [
                      {
                        "function": "enchant_randomly",
                        "options": "minecraft:flame"
                      },
                      {
                        "function": "enchant_with_levels",
                        "levels": 15,
                        "options": "#minecraft:on_mob_spawn_equipment"
                      }
                    ]
                  }
                ],
                "rolls": 1.0
              }
            ]
          },
          "weight": 4
        },
        {
          "type": "minecraft:loot_table",
          "value": {
            "pools": [
              {
                "bonus_rolls": 0.0,
                "conditions": [
                  {
                    "chance": 0.4,
                    "condition": "minecraft:random_chance"
                  }
                ],
                "entries": [
                  {
                    "type": "minecraft:item",
                    "functions": [
                      {
                        "components": {
                          "minecraft:trim": {
                            "material": "minecraft:quartz",
                            "pattern": "minecraft:rib"
                          }
                        },
                        "function": "minecraft:set_components"
                      }
                    ],
                    "name": "minecraft:netherite_helmet"
                  }
                ],
                "rolls": 1.0
              },
              {
                "bonus_rolls": 0.0,
                "conditions": [
                  {
                    "chance": 0.4,
                    "condition": "minecraft:random_chance"
                  }
                ],
                "entries": [
                  {
                    "type": "minecraft:item",
                    "functions": [
                      {
                        "components": {
                          "minecraft:trim": {
                            "material": "minecraft:quartz",
                            "pattern": "minecraft:rib"
                          }
                        },
                        "function": "minecraft:set_components"
                      }
                    ],
                    "name": "minecraft:netherite_chestplate"
                  }
                ],
                "rolls": 1.0
              },
              {
                "bonus_rolls": 0.0,
                "conditions": [
                  {
                    "chance": 0.4,
                    "condition": "minecraft:random_chance"
                  }
                ],
                "entries": [
                  {
                    "type": "minecraft:item",
                    "name": "minecraft:bow",
                    "functions": [
                      {
                        "function": "enchant_randomly",
                        "options": "minecraft:flame"
                      },
                      {
                        "function": "enchant_with_levels",
                        "levels": 15,
                        "options": "#minecraft:on_mob_spawn_equipment"
                      }
                    ]
                  }
                ],
                "rolls": 1.0
              }
            ]
          }
        },
        {
          "type": "minecraft:loot_table",
          "value": {
            "pools": [
              {
                "bonus_rolls": 0.0,
                "conditions": [
                  {
                    "chance": 0.8,
                    "condition": "minecraft:random_chance"
                  }
                ],
                "entries": [
                  {
                    "type": "minecraft:item",
                    "functions": [
                      {
                        "components": {
                          "minecraft:trim": {
                            "material": "minecraft:iron",
                            "pattern": "minecraft:rib"
                          }
                        },
                        "function": "minecraft:set_components"
                      },
                      {
                        "function": "enchant_with_levels",
                        "levels": 15,
                        "options": "#minecraft:on_mob_spawn_equipment"
                      }
                    ],
                    "name": "minecraft:golden_helmet"
                  }
                ],
                "rolls": 1.0
              },
              {
                "bonus_rolls": 0.0,
                "conditions": [
                  {
                    "chance": 0.8,
                    "condition": "minecraft:random_chance"
                  }
                ],
                "entries": [
                  {
                    "type": "minecraft:item",
                    "functions": [
                      {
                        "components": {
                          "minecraft:trim": {
                            "material": "minecraft:iron",
                            "pattern": "minecraft:rib"
                          }
                        },
                        "function": "minecraft:set_components"
                      },
                      {
                        "function": "enchant_with_levels",
                        "levels": 15,
                        "options": "#minecraft:on_mob_spawn_equipment"
                      }
                    ],
                    "name": "minecraft:golden_chestplate"
                  }
                ],
                "rolls": 1.0
              },
              {
                "bonus_rolls": 0.0,
                "conditions": [
                  {
                    "chance": 0.8,
                    "condition": "minecraft:random_chance"
                  }
                ],
                "entries": [
                  {
                    "type": "minecraft:item",
                    "name": "minecraft:bow",
                    "functions": [
                      {
                        "function": "enchant_randomly",
                        "options": "minecraft:flame"
                      },
                      {
                        "function": "enchant_with_levels",
                        "levels": 15,
                        "options": "#minecraft:on_mob_spawn_equipment"
                      }
                    ]
                  }
                ],
                "rolls": 1.0
              }
            ]
          }
        }
      ],
      "rolls": 1.0
    }
  ],
  "functions": [
    {
      "function": "minecraft:reference",
      "name": "nova_structures:loot_modifier"
    }
  ]
}