{
    "type": "chest",
    "pools": [
      {
        "rolls": 3,
        "entries": [
            {
                "type": "minecraft:item",
                "name": "diamond",
                "functions": [
                    {
                        "function": "set_count",
                        "count": {
                            "max": 2,
                            "min": 1
                        }
                    }
                ]
            },
            {
                "type": "minecraft:item",
                "name": "emerald",
                "functions": [
                    {
                        "function": "set_count",
                        "count": {
                            "max": 2,
                            "min": 1
                        }
                    }
                ],
                "weight": 5
            },
            {
                "type": "minecraft:item",
                "name": "iron_ingot",
                "functions": [
                    {
                        "function": "set_count",
                        "count": {
                            "max": 2,
                            "min": 1
                        }
                    }
                ],
                "weight": 5
            },
            {
                "type": "minecraft:item",
                "name": "gold_ingot",
                "functions": [
                    {
                        "function": "set_count",
                        "count": {
                            "max": 3,
                            "min": 2
                        }
                    }
                ],
                "weight": 2
            },
            {
                "type": "minecraft:item",
                "name": "golden_carrot",
                "functions": [
                    {
                        "function": "set_count",
                        "count": {
                            "max": 6,
                            "min": 4
                        }
                    }
                ],
                "weight": 2
            }
        ]
      },
      {
        "rolls": 1,
        "entries": [
            {
                "type": "minecraft:item",
                "name": "wild_armor_trim_smithing_template"
            },
            {
                "type": "minecraft:item",
                "name": "tipped_arrow",
                "functions": [
                    {
                        "function": "set_potion",
                        "id": "poison"
                    },
                    {
                        "function": "set_count",
                        "count": {
                            "max": 16,
                            "min": 8
                        }
                    }
                ]
            },
            {
                "type": "minecraft:item",
                "name": "verdant_froglight",
                "functions": [
                    {
                        "function": "set_count",
                        "count": {
                            "max": 6,
                            "min": 3
                        }
                    }
                ],
                "weight": 5
            },
            {
                "type": "minecraft:item",
                "name": "ochre_froglight",
                "functions": [
                    {
                        "function": "set_count",
                        "count": {
                            "max": 6,
                            "min": 3
                        }
                    }
                ],
                "weight": 5
            },
            {
                "type": "minecraft:item",
                "name": "pearlescent_froglight",
                "functions": [
                    {
                        "function": "set_count",
                        "count": {
                            "max": 6,
                            "min": 3
                        }
                    }
                ],
                "weight": 5
            }
        ]
      },
      {
        "rolls": 1,
        "entries": [
            {
                "type": "minecraft:item",
                "name": "potion",
                "functions": [
                    {
                        "function": "set_potion",
                        "id": "oozing"
                    }
                ]
            },
            {
                "type": "minecraft:item",
                "name": "potion",
                "functions": [
                    {
                        "function": "set_potion",
                        "id": "infested"
                    }
                ]
            },
            {
                "type": "minecraft:item",
                "name": "iron_helmet",
                "functions": [
                    {
                        "function": "enchant_with_levels",
                        "levels": {
                            "max": 20,
                            "min": 10
                        },
                        "options": "#nova_structures:toxic"
                    }
                ]
            },
            {
                "type": "minecraft:item",
                "name": "iron_chestplate",
                "functions": [
                    {
                        "function": "enchant_with_levels",
                        "levels": {
                            "max": 25,
                            "min": 15
                        },
                        "options": "#nova_structures:toxic"
                    }
                ],
                "weight": 3
            },
            {
                "type": "minecraft:item",
                "name": "iron_leggings",
                "functions": [
                    {
                        "function": "enchant_with_levels",
                        "levels": {
                            "max": 20,
                            "min": 10
                        },
                        "options": "#nova_structures:toxic"
                    }
                ]
            },
            {
                "type": "minecraft:item",
                "name": "iron_boots",
                "functions": [
                    {
                        "function": "enchant_with_levels",
                        "levels": {
                            "max": 20,
                            "min": 10
                        },
                        "options": "#nova_structures:toxic"
                    }
                ]
            },
            {
                "type": "minecraft:item",
                "name": "book",
                "functions": [
                    {
                        "function": "enchant_with_levels",
                        "levels": {
                            "max": 25,
                            "min": 15
                        },
                        "options": "#nova_structures:toxic"
                    }
                ]
            },
            {
                "type": "minecraft:item",
                "name": "bow",
                "functions": [
                    {
                        "function": "enchant_with_levels",
                        "levels": {
                            "max": 15,
                            "min": 5
                        },
                        "options": "#nova_structures:toxic"
                    }
                ]
            },
            {
                "type": "minecraft:item",
                "name": "poisonous_potato"
            }
        ]
      }
    ],
    "functions": [
      {
        "function": "minecraft:reference",
        "name": "nova_structures:loot_modifier"
      }
    ]
  }
  