{
    "criteria": {
        "requirement": {
            "trigger": "minecraft:player_hurt_entity",
            "conditions": {
                "damage": {
                    "blocked": false,
                    "type": {
                        "direct_entity": {
                            "type": "#better_multishot_jj:projectiles",
                            "nbt": "{Tags:[\"better_multishot_jj.this_projectile\"]}"
                        },
                        "is_direct": false
                    }
                }
            }
        }
    },
    "rewards": {
        "function": "better_multishot_jj:hit/start"
    }
}