{
  "type": "minecraft:chest",
  "pools": [
    {
      "rolls": 1,
      "bonus_rolls": 0.0,
      "entries": [
        {
          "type": "minecraft:item",
          "functions": [
            {
              "function": "minecraft:enchant_with_levels",
              "levels": {
                "max": 25,
                "min": 15
              },
              "options": "#nova_structures:shrine"
            },
            {
              "function": "minecraft:enchant_with_levels",
              "levels": 5,
              "options": "#nova_structures:spiteful",
              "conditions": [
                {
                  "condition": "random_chance",
                  "chance": 0.5
                }
              ]
            }
          ],
          "name": "minecraft:iron_axe",
          "weight": 5
        },
        {
          "type": "minecraft:item",
          "functions": [
            {
              "function": "minecraft:enchant_with_levels",
              "levels": {
                "max": 15,
                "min": 10
              },
              "options": "#nova_structures:shrine"
            },
            {
              "function": "minecraft:enchant_with_levels",
              "levels": 5,
              "options": "#nova_structures:spiteful",
              "conditions": [
                {
                  "condition": "random_chance",
                  "chance": 0.5
                }
              ]
            }
          ],
          "name": "minecraft:iron_sword",
          "weight": 4
        },
        {
          "type": "minecraft:item",
          "functions": [
            {
              "function": "minecraft:enchant_with_levels",
              "levels": {
                "max": 20,
                "min": 10
              },
              "options": "#nova_structures:shrine"
            }
          ],
          "name": "minecraft:iron_helmet",
          "weight": 2
        },
        {
          "type": "minecraft:item",
          "functions": [
            {
              "function": "minecraft:enchant_with_levels",
              "levels": {
                "max": 20,
                "min": 10
              },
              "options": "#nova_structures:shrine"
            }
          ],
          "name": "minecraft:iron_chestplate",
          "weight": 2
        },
        {
          "type": "minecraft:item",
          "functions": [
            {
              "function": "minecraft:enchant_with_levels",
              "levels": {
                "max": 20,
                "min": 10
              },
              "options": "#nova_structures:shrine"
            }
          ],
          "name": "minecraft:iron_leggings",
          "weight": 2
        },
        {
          "type": "minecraft:item",
          "functions": [
            {
              "function": "minecraft:enchant_with_levels",
              "levels": {
                "max": 30,
                "min": 20
              },
              "options": "#nova_structures:shrine"
            }
          ],
          "name": "minecraft:iron_boots",
          "weight": 5
        }
      ],
      "conditions": [
        {
          "condition": "random_chance",
          "chance": 0.5
        }
      ]
    },
    {
      "rolls": 1,
      "bonus_rolls": 0.0,
      "entries": [
        {
          "type": "minecraft:item",
          "functions": [
            {
              "function": "minecraft:enchant_with_levels",
              "levels": {
                "max": 20,
                "min": 10
              },
              "options": "#minecraft:on_random_loot"
            }
          ],
          "name": "minecraft:crossbow",
          "weight": 2
        },
        {
          "type": "minecraft:item",
          "functions": [
            {
              "function": "minecraft:enchant_with_levels",
              "levels": {
                "max": 15,
                "min": 5
              },
              "options": "#minecraft:on_random_loot"
            }
          ],
          "name": "minecraft:bow",
          "weight": 2
        },
        {
          "type": "minecraft:item",
          "functions": [
            {
              "function": "minecraft:enchant_with_levels",
              "levels": {
                "max": 25,
                "min": 15
              },
              "options": "#nova_structures:shrine"
            }
          ],
          "name": "minecraft:chainmail_helmet",
          "weight": 2
        },
        {
          "type": "minecraft:item",
          "functions": [
            {
              "function": "minecraft:enchant_with_levels",
              "levels": {
                "max": 25,
                "min": 15
              },
              "options": "#nova_structures:shrine"
            }
          ],
          "name": "minecraft:chainmail_chestplate",
          "weight": 2
        },
        {
          "type": "minecraft:item",
          "functions": [
            {
              "function": "minecraft:enchant_with_levels",
              "levels": {
                "max": 25,
                "min": 15
              },
              "options": "#nova_structures:shrine"
            }
          ],
          "name": "minecraft:chainmail_leggings",
          "weight": 2
        },
        {
          "type": "minecraft:item",
          "functions": [
            {
              "function": "minecraft:enchant_with_levels",
              "levels": {
                "max": 25,
                "min": 15
              },
              "options": "#nova_structures:shrine"
            }
          ],
          "name": "minecraft:chainmail_boots",
          "weight": 4
        },
        {
          "type": "minecraft:item",
          "name": "ominous_bottle",
          "functions": [
            {
              "function": "set_ominous_bottle_amplifier",
              "amplifier": {
                "max": 5,
                "min": 2
              }
            }
          ],
          "weight": 5
        },
        {
          "type": "minecraft:item",
          "functions": [
            {
              "function": "minecraft:enchant_with_levels",
              "levels": {
                "max": 15,
                "min": 10
              },
              "options": "#nova_structures:shrine"
            },
            {
              "function": "minecraft:enchant_with_levels",
              "levels": 5,
              "options": "#nova_structures:spiteful",
              "conditions": [
                {
                  "condition": "random_chance",
                  "chance": 0.5
                }
              ]
            }
          ],
          "name": "minecraft:book",
          "weight": 1
        }
      ],
      "conditions": [
        {
          "condition": "random_chance",
          "chance": 0.75
        }
      ]
    },
    {
      "rolls": 2,
      "bonus_rolls": 0.0,
      "entries": [
        {
          "type": "minecraft:item",
          "functions": [
            {
              "function": "minecraft:set_count",
              "count": {
                "type": "minecraft:uniform",
                "min": 2,
                "max": 5
              },
              "add": false
            }
          ],
          "name": "minecraft:iron_ingot"
        },
        {
          "type": "minecraft:item",
          "functions": [
            {
              "function": "minecraft:set_count",
              "count": {
                "type": "minecraft:uniform",
                "min": 1,
                "max": 2
              },
              "add": false
            }
          ],
          "name": "minecraft:gold_ingot"
        },
        {
          "type": "minecraft:item",
          "functions": [
            {
              "function": "minecraft:set_count",
              "count": {
                "type": "minecraft:uniform",
                "min": 1,
                "max": 3
              },
              "add": false
            }
          ],
          "name": "minecraft:emerald"
        },
        {
          "type": "minecraft:item",
          "functions": [
            {
              "function": "minecraft:set_count",
              "count": {
                "type": "minecraft:uniform",
                "min": 4,
                "max": 8
              },
              "add": false
            }
          ],
          "name": "minecraft:wind_charge"
        }
      ]
    },
    {
      "rolls": 1,
      "bonus_rolls": 0.0,
      "entries": [
        {
          "type": "minecraft:item",
          "name": "minecraft:emerald",
          "functions": [
            {
              "function": "set_count",
              "count": {
                "max": 6,
                "min": 3
              }
            }
          ]
        },
        {
          "type": "minecraft:item",
          "name": "minecraft:golden_apple"
        },
        {
          "type": "minecraft:item",
          "functions": [
            {
              "function": "minecraft:set_count",
              "count": {
                "type": "minecraft:uniform",
                "min": 1,
                "max": 2
              },
              "add": false
            }
          ],
          "name": "minecraft:iron_block"
        },
        {
          "type": "minecraft:item",
          "name": "minecraft:gold_block"
        },
        {
          "type": "minecraft:item",
          "name": "minecraft:ender_pearl"
        },
        {
          "type": "minecraft:item",
          "functions": [
            {
              "function": "minecraft:set_count",
              "count": {
                "type": "minecraft:uniform",
                "min": 4,
                "max": 8
              },
              "add": false
            }
          ],
          "name": "minecraft:wind_charge"
        }
      ]
    },
    {
      "rolls": 1,
      "bonus_rolls": 0.0,
      "entries": [
        {
          "type": "minecraft:item",
          "name": "minecraft:diamond",
          "functions": [
            {
              "function": "set_count",
              "count": {
                "max": 3,
                "min": 1
              }
            }
          ],
          "weight": 4
        },
        {
          "type": "minecraft:item",
          "name": "minecraft:breeze_rod",
          "functions": [
            {
              "function": "set_count",
              "count": {
                "max": 3,
                "min": 1
              }
            }
          ],
          "weight": 4
        },
        {
          "type": "minecraft:item",
          "name": "minecraft:bolt_armor_trim_smithing_template"
        },
        {
          "type": "minecraft:item",
          "name": "minecraft:music_disc_creator_music_box"
        },
        {
          "type": "minecraft:item",
          "name": "minecraft:enchanted_golden_apple"
        }
      ],
      "conditions": [
        {
          "condition": "random_chance",
          "chance": 0.5
        }
      ]
    }
  ],
  "functions": [
    {
      "function": "minecraft:reference",
      "name": "nova_structures:loot_modifier"
    }
  ]
}