{
	"name": "minecraft:swamp_path",
	"fallback": "minecraft:empty",
	"elements": [
		{
			"weight": 1,
			"element": {
				"element_type": "minecraft:single_pool_element",
				"location": "minecraft:village_swamp/swamp_village_path1",
				"projection": "terrain_matching",
				"processors": "minecraft:street_swamp"
			}
		},
		{
			"weight": 1,
			"element": {
				"element_type": "minecraft:single_pool_element",
				"location": "minecraft:village_swamp/swamp_village_path2",
				"projection": "terrain_matching",
				"processors": "minecraft:street_swamp"
			}
		},
		{
			"weight": 1,
			"element": {
				"element_type": "minecraft:single_pool_element",
				"location": "minecraft:village_swamp/swamp_village_path3",
				"projection": "terrain_matching",
				"processors": "minecraft:street_swamp"
			}
		},
		{
			"weight": 2,
			"element": {
				"element_type": "minecraft:single_pool_element",
				"location": "minecraft:village_swamp/swamp_village_path4",
				"projection": "terrain_matching",
				"processors": "minecraft:street_swamp"
			}
		},
		{
			"weight": 2,
			"element": {
				"element_type": "minecraft:single_pool_element",
				"location": "minecraft:village_swamp/swamp_village_path5",
				"projection": "terrain_matching",
				"processors": "minecraft:street_swamp"
			}
		},
		{
			"weight": 2,
			"element": {
				"element_type": "minecraft:single_pool_element",
				"location": "minecraft:village_swamp/swamp_village_path6",
				"projection": "terrain_matching",
				"processors": "minecraft:street_swamp"
			}
		},
		{
			"weight": 2,
			"element": {
				"element_type": "minecraft:single_pool_element",
				"location": "minecraft:village_swamp/swamp_village_path7",
				"projection": "terrain_matching",
				"processors": "minecraft:street_swamp"
			}
		},
		{
			"weight": 2,
			"element": {
				"element_type": "minecraft:single_pool_element",
				"location": "minecraft:village_swamp/swamp_village_path8",
				"projection": "terrain_matching",
				"processors": "minecraft:street_swamp"
			}
		},
		{
			"weight": 2,
			"element": {
				"element_type": "minecraft:single_pool_element",
				"location": "minecraft:village_swamp/swamp_village_path9",
				"projection": "terrain_matching",
				"processors": "minecraft:street_swamp"
			}
		}
	]
}
