{
  "type": "minecraft:chest",
  "pools": [
    {
      "bonus_rolls": 0.0,
      "entries": [
        {
          "type": "minecraft:item",
          "functions": [
            {
              "amplifier": {
                "type": "minecraft:uniform",
                "max": 4.0,
                "min": 0.0
              },
              "function": "minecraft:set_ominous_bottle_amplifier"
            }
          ],
          "name": "minecraft:ominous_bottle",
          "weight": 1
        },
        {
          "type": "minecraft:item",
          "functions": [
            {
              "function": "set_damage",
              "damage": {
                "min": 0.6,
                "max": 8.0
              }
            },
            {
              "options": "#nova_structures:frozen",
              "function": "minecraft:enchant_with_levels",
              "levels": {
                "max": 15,
                "min": 5
              },
              "conditions": [
                {
                  "condition": "random_chance",
                  "chance": 0.5
                }
              ]
            }
          ],
          "name": "minecraft:iron_helmet"
        },
        {
          "type": "minecraft:item",
          "functions": [
            {
              "function": "set_damage",
              "damage": {
                "min": 0.6,
                "max": 8.0
              }
            },
            {
              "options": "#nova_structures:frozen",
              "function": "minecraft:enchant_with_levels",
              "levels": {
                "max": 15,
                "min": 5
              },
              "conditions": [
                {
                  "condition": "random_chance",
                  "chance": 0.5
                }
              ]
            }
          ],
          "name": "minecraft:iron_chestplate"
        },
        {
          "type": "minecraft:item",
          "functions": [
            {
              "function": "set_damage",
              "damage": {
                "min": 0.6,
                "max": 8.0
              }
            },
            {
              "options": "#nova_structures:frozen",
              "function": "minecraft:enchant_with_levels",
              "levels": {
                "max": 15,
                "min": 5
              },
              "conditions": [
                {
                  "condition": "random_chance",
                  "chance": 0.5
                }
              ]
            }
          ],
          "name": "minecraft:iron_leggings"
        },
        {
          "type": "minecraft:item",
          "functions": [
            {
              "function": "set_damage",
              "damage": {
                "min": 0.6,
                "max": 8.0
              }
            },
            {
              "options": "#nova_structures:frozen",
              "function": "minecraft:enchant_with_levels",
              "levels": {
                "max": 15,
                "min": 5
              },
              "conditions": [
                {
                  "condition": "random_chance",
                  "chance": 0.5
                }
              ]
            }
          ],
          "name": "minecraft:iron_boots"
        },
        {
          "type": "minecraft:item",
          "functions": [
            {
              "function": "set_damage",
              "damage": {
                "min": 0.6,
                "max": 8.0
              }
            },
            {
              "options": "#nova_structures:frozen",
              "function": "minecraft:enchant_with_levels",
              "levels": {
                "max": 15,
                "min": 5
              },
              "conditions": [
                {
                  "condition": "random_chance",
                  "chance": 0.5
                }
              ]
            }
          ],
          "name": "minecraft:chainmail_helmet"
        },
        {
          "type": "minecraft:item",
          "functions": [
            {
              "function": "set_damage",
              "damage": {
                "min": 0.6,
                "max": 8.0
              }
            },
            {
              "options": "#nova_structures:frozen",
              "function": "minecraft:enchant_with_levels",
              "levels": {
                "max": 15,
                "min": 5
              },
              "conditions": [
                {
                  "condition": "random_chance",
                  "chance": 0.5
                }
              ]
            }
          ],
          "name": "minecraft:chainmail_chestplate"
        },
        {
          "type": "minecraft:item",
          "functions": [
            {
              "function": "set_damage",
              "damage": {
                "min": 0.6,
                "max": 8.0
              }
            },
            {
              "options": "#nova_structures:frozen",
              "function": "minecraft:enchant_with_levels",
              "levels": {
                "max": 15,
                "min": 5
              },
              "conditions": [
                {
                  "condition": "random_chance",
                  "chance": 0.5
                }
              ]
            }
          ],
          "name": "minecraft:chainmail_leggings"
        },
        {
          "type": "minecraft:item",
          "functions": [
            {
              "function": "set_damage",
              "damage": {
                "min": 0.6,
                "max": 8.0
              }
            },
            {
              "options": "#nova_structures:frozen",
              "function": "minecraft:enchant_with_levels",
              "levels": {
                "max": 15,
                "min": 5
              },
              "conditions": [
                {
                  "condition": "random_chance",
                  "chance": 0.5
                }
              ]
            }
          ],
          "name": "minecraft:chainmail_boots"
        },
        {
          "type": "minecraft:item",
          "functions": [
            {
              "function": "set_damage",
              "damage": {
                "min": 0.6,
                "max": 8.0
              }
            },
            {
              "options": "#nova_structures:frozen",
              "function": "minecraft:enchant_with_levels",
              "levels": {
                "max": 15,
                "min": 5
              },
              "conditions": [
                {
                  "condition": "random_chance",
                  "chance": 0.5
                }
              ]
            }
          ],
          "name": "minecraft:crossbow"
        },
        {
          "type": "minecraft:item",
          "functions": [
            {
              "function": "set_damage",
              "damage": {
                "min": 0.6,
                "max": 8.0
              }
            },
            {
              "options": "#nova_structures:frozen",
              "function": "minecraft:enchant_with_levels",
              "levels": {
                "max": 15,
                "min": 5
              },
              "conditions": [
                {
                  "condition": "random_chance",
                  "chance": 0.5
                }
              ]
            }
          ],
          "name": "minecraft:iron_axe"
        }
      ],
      "rolls": {
        "max": 2.0,
        "min": 1.0
      }
    },
    {
      "bonus_rolls": 0.0,
      "entries": [
        {
          "type": "minecraft:item",
          "name": "minecraft:skeleton_skull"
        },
        {
          "type": "minecraft:item",
          "name": "minecraft:diamond"
        },
        {
          "type": "minecraft:loot_table",
          "value": "nova_structures:keys/citadel_key"
        }
      ],
      "rolls": {
        "max": 1.0,
        "min": 0.0
      }
    },
    {
      "bonus_rolls": 0.0,
      "entries": [
        {
          "type": "minecraft:item",
          "functions": [
            {
              "add": false,
              "count": {
                "type": "minecraft:uniform",
                "max": 2.0,
                "min": 1.0
              },
              "function": "minecraft:set_count"
            }
          ],
          "name": "minecraft:gold_ingot"
        },
        {
          "type": "minecraft:item",
          "functions": [
            {
              "add": false,
              "count": {
                "type": "minecraft:uniform",
                "max": 3.0,
                "min": 1.0
              },
              "function": "minecraft:set_count"
            }
          ],
          "name": "minecraft:string"
        },
        {
          "type": "minecraft:item",
          "functions": [
            {
              "add": false,
              "count": {
                "type": "minecraft:uniform",
                "max": 4.0,
                "min": 2.0
              },
              "function": "minecraft:set_count"
            }
          ],
          "name": "minecraft:rotten_flesh"
        },
        {
          "type": "minecraft:item",
          "functions": [
            {
              "add": false,
              "count": {
                "type": "minecraft:uniform",
                "max": 3.0,
                "min": 1.0
              },
              "function": "minecraft:set_count"
            }
          ],
          "name": "minecraft:bone"
        },
        {
          "type": "minecraft:item",
          "functions": [
            {
              "add": false,
              "count": {
                "type": "minecraft:uniform",
                "max": 3.0,
                "min": 1.0
              },
              "function": "minecraft:set_count"
            }
          ],
          "name": "minecraft:arrow"
        },
        {
          "type": "minecraft:item",
          "functions": [
            {
              "add": false,
              "count": {
                "type": "minecraft:uniform",
                "max": 2.0,
                "min": 1.0
              },
              "function": "minecraft:set_count"
            }
          ],
          "name": "minecraft:emerald"
        },
        {
          "type": "minecraft:item",
          "functions": [
            {
              "function": "minecraft:set_potion",
              "id": "minecraft:slowness"
            },
            {
              "add": false,
              "count": {
                "type": "minecraft:uniform",
                "max": 3.0,
                "min": 1.0
              },
              "function": "minecraft:set_count"
            }
          ],
          "name": "minecraft:tipped_arrow"
        }
      ],
      "rolls": {
        "max": 2.0,
        "min": 1.0
      }
    }
  ],
  "functions": [
    {
      "function": "minecraft:reference",
      "name": "nova_structures:loot_modifier"
    }
  ]
}