{
  "type": "minecraft:chest",
  "pools": [
    {
      "rolls": 2,
      "bonus_rolls": 0.0,
      "entries": [
        {
          "type": "minecraft:item",
          "functions": [
            {
              "function": "minecraft:enchant_with_levels",
              "levels": 30,
              "options": "#nova_structures:shrine_special"
            }
          ],
          "name": "minecraft:diamond_pickaxe",
          "weight": 2
        },
        {
          "type": "minecraft:item",
          "functions": [
            {
              "function": "minecraft:enchant_with_levels",
              "levels": 30,
              "options": "#nova_structures:shrine_special"
            }
          ],
          "name": "minecraft:diamond_sword",
          "weight": 5
        },
        {
          "type": "minecraft:item",
          "functions": [
            {
              "function": "minecraft:enchant_with_levels",
              "levels": 30,
              "options": "#nova_structures:shrine_special"
            }
          ],
          "name": "minecraft:diamond_axe",
          "weight": 5
        },
        {
          "type": "minecraft:item",
          "functions": [
            {
              "function": "minecraft:enchant_with_levels",
              "levels": 30,
              "options": "#nova_structures:shrine_special"
            }
          ],
          "name": "minecraft:diamond_helmet",
          "weight": 3
        },
        {
          "type": "minecraft:item",
          "functions": [
            {
              "function": "minecraft:enchant_with_levels",
              "levels": 30,
              "options": "#nova_structures:shrine_special"
            }
          ],
          "name": "minecraft:diamond_chestplate",
          "weight": 3
        },
        {
          "type": "minecraft:item",
          "functions": [
            {
              "function": "minecraft:enchant_with_levels",
              "levels": 30,
              "options": "#nova_structures:shrine_special"
            }
          ],
          "name": "minecraft:diamond_leggings",
          "weight": 3
        },
        {
          "type": "minecraft:item",
          "functions": [
            {
              "function": "minecraft:enchant_with_levels",
              "levels": 30,
              "options": "#nova_structures:shrine_special"
            }
          ],
          "name": "minecraft:diamond_boots",
          "weight": 5
        },
        {
          "type": "minecraft:item",
          "functions": [
            {
              "function": "minecraft:enchant_with_levels",
              "levels": 30,
              "options": "#nova_structures:shrine_special"
            }
          ],
          "name": "minecraft:book",
          "weight": 5
        },
        {
          "type": "minecraft:item",
          "functions": [
            {
              "function": "minecraft:enchant_with_levels",
              "levels": {
                "max": 15,
                "min": 5
              },
              "options": "#nova_structures:spiteful"
            }
          ],
          "name": "minecraft:book",
          "weight": 3
        },
        {
          "type": "minecraft:item",
          "name": "minecraft:enchanted_golden_apple"
        }
      ]
    },
    {
      "rolls": 1,
      "bonus_rolls": 0.0,
      "entries": [
        {
          "type": "minecraft:item",
          "functions": [
            {
              "function": "minecraft:set_count",
              "count": {
                "type": "minecraft:uniform",
                "min": 8.0,
                "max": 10.0
              },
              "add": false
            }
          ],
          "name": "minecraft:golden_carrot"
        },
        {
          "type": "minecraft:item",
          "functions": [
            {
              "function": "minecraft:set_count",
              "count": {
                "type": "minecraft:uniform",
                "min": 12,
                "max": 16
              },
              "add": false
            }
          ],
          "name": "minecraft:pumpkin_pie"
        },
        {
          "type": "minecraft:item",
          "name": "minecraft:golden_apple"
        },
        {
          "type": "minecraft:item",
          "functions": [
            {
              "function": "minecraft:set_potion",
              "id": "minecraft:strong_strength"
            }
          ],
          "name": "minecraft:potion"
        },
        {
          "type": "minecraft:item",
          "functions": [
            {
              "function": "minecraft:set_potion",
              "id": "minecraft:strong_regeneration"
            }
          ],
          "name": "minecraft:potion"
        },
        {
          "type": "minecraft:item",
          "functions": [
            {
              "function": "minecraft:set_count",
              "count": 2,
              "add": false
            }
          ],
          "name": "minecraft:ender_pearl"
        },
        {
          "type": "minecraft:item",
          "functions": [
            {
              "function": "minecraft:set_count",
              "count": 3,
              "add": false
            }
          ],
          "name": "minecraft:turtle_scute"
        },
        {
          "type": "minecraft:item",
          "functions": [
            {
              "function": "minecraft:set_count",
              "count": 2,
              "add": false
            }
          ],
          "name": "minecraft:name_tag"
        }
      ]
    },
    {
      "rolls": 1,
      "bonus_rolls": 0.0,
      "entries": [
        {
          "type": "minecraft:item",
          "name": "minecraft:diamond_block"
        },
        {
          "type": "minecraft:item",
          "functions": [
            {
              "function": "minecraft:set_count",
              "count": {
                "type": "minecraft:uniform",
                "min": 5,
                "max": 7
              },
              "add": false
            }
          ],
          "name": "minecraft:iron_ingot"
        },
        {
          "type": "minecraft:item",
          "functions": [
            {
              "function": "minecraft:set_count",
              "count": {
                "type": "minecraft:uniform",
                "min": 6,
                "max": 8
              },
              "add": false
            }
          ],
          "name": "minecraft:gold_ingot"
        },
        {
          "type": "minecraft:item",
          "functions": [
            {
              "function": "minecraft:set_count",
              "count": {
                "type": "minecraft:uniform",
                "min": 6,
                "max": 8
              },
              "add": false
            }
          ],
          "name": "minecraft:emerald"
        },
        {
          "type": "minecraft:item",
          "name": "minecraft:bolt_armor_trim_smithing_template",
          "weight": 8
        }
      ]
    },
    {
      "entries": [
        {
          "type": "minecraft:item",
          "functions": [
            {
              "options": "#nova_structures:traveler",
              "function": "minecraft:enchant_randomly"
            },
            {
              "options": "#nova_structures:spiteful",
              "function": "minecraft:enchant_randomly"
            }
          ],
          "name": "minecraft:book",
          "weight": 1
        }
      ],
      "rolls": 1
    }
  ],
  "functions": [
    {
      "function": "minecraft:reference",
      "name": "nova_structures:loot_modifier"
    }
  ]
}