{
  "type": "minecraft:spline",
  "spline": {
    "coordinate": "minecraft:realism/extreme_mountains/slope/terrain",
    "points": [
      {
        "location": -0.02,
        "derivative": 0,
        "value": {
          "coordinate": "minecraft:realism/extreme_mountains/slope/terrain",
          "points": [
            {
              "location": 0,
              "derivative": 1,
              "value": 0
            }
          ]
        }
      },
      {
        "location": -0.015,
        "derivative": 0,
        "value": {
          "coordinate": {
            "type": "minecraft:interpolated",
            "argument": "minecraft:realism/extreme_mountains/slope/terrain"
          },
          "points": [
            {
              "location": 0,
              "derivative": 1,
              "value": 0
            }
          ]
        }
      },
      {
        "location": 0.015,
        "derivative": 0,
        "value": {
          "coordinate": {
            "type": "minecraft:interpolated",
            "argument": "minecraft:realism/extreme_mountains/slope/terrain"
          },
          "points": [
            {
              "location": 0,
              "derivative": 1,
              "value": 0
            }
          ]
        }
      },
      {
        "location": 0.02,
        "derivative": 0,
        "value": {
          "coordinate": "minecraft:realism/extreme_mountains/slope/terrain",
          "points": [
            {
              "location": 0,
              "derivative": 1,
              "value": 0
            }
          ]
        }
      }
    ]
  }
}
