{
    "parent": "minecraft:adventure/root",
    "criteria": {
        "shrine_combat": {
            "conditions": {
                "player": [
                    {
                        "condition": "minecraft:entity_properties",
                        "entity": "this",
                        "predicate": {
                            "location": {
                                "structures": "#nova_structures:shrine"
                            }
                        }
                    }
                ]
            },
            "trigger": "minecraft:location"
        }
    },
    "display": {
        "announce_to_chat": true,
        "description": {
            "translate": "advancement.dnt.adventure.find_shrine",
            "fallback": "Enter a shrine"
        },
        "frame": "task",
        "hidden": false,
        "icon": {
			"count": 1,
            "id": "minecraft:polished_deepslate"
        },
        "show_toast": true,
        "title": {
            "translate": "advancement.dnt.adventure.find_shrine.title",
            "fallback": "A Major Trial Of Strengh"
        }
    },
    "requirements": [
        [
            "shrine_combat"
        ]
    ],
    "sends_telemetry_event": false
}
