{
	"description": {
		"translate": "enchantment.dnt.outreach",
    "fallback": "Outreach"
	},
	"supported_items": "#minecraft:enchantable/chest_armor",
	"weight": 10,
	"max_cost": {
    "base": 1,
    "per_level_above_first":10
    },
    "max_level": 4,
    "min_cost": {
      "base": 1,
      "per_level_above_first": 10
    },
	"anvil_cost": 3,
	"slots": [
		"chest"
	],
	"effects": {
		"minecraft:location_changed": [
			{
				"effect": {
					"type": "minecraft:attribute",
					"id": "nova_structures:enchantment.outreach",
					"attribute": "minecraft:block_interaction_range",
					"amount": {
						"type": "minecraft:linear",
						"base": 0.5,
						"per_level_above_first": 0.5
					},
					"operation": "add_value"
				},
				"requirements": {
					"condition": "minecraft:all_of",
					"terms": []
				}
			}
		]
	}
}
