{
  "type": "minecraft:cave",
  "config": {
    "probability": 0,
    "y": {
      "type": "minecraft:uniform",
      "min_inclusive": {
        "above_bottom": 8
      },
      "max_inclusive": {
        "absolute": 180
      }
    },
    "yScale": {
      "type": "minecraft:uniform",
      "min_inclusive": 0.1,
      "max_exclusive": 0.9
    },
    "lava_level": {
      "above_bottom": 8
    },
    "replaceable": "#minecraft:overworld_carver_replaceables",
    "debug_settings": {
      "air_state": {
        "Name": "minecraft:crimson_button",
        "Properties": {
          "face": "wall",
          "facing": "north",
          "powered": "false"
        }
      },
      "water_state": {
        "Name": "minecraft:candle",
        "Properties": {
          "candles": "1",
          "lit": "false",
          "waterlogged": "false"
        }
      },
      "lava_state": {
        "Name": "minecraft:orange_stained_glass"
      },
      "barrier_state": {
        "Name": "minecraft:glass"
      }
    },
    "horizontal_radius_multiplier": {
      "type": "minecraft:uniform",
      "min_inclusive": 0.7,
      "max_exclusive": 1.4
    },
    "vertical_radius_multiplier": {
      "type": "minecraft:uniform",
      "min_inclusive": 0.8,
      "max_exclusive": 1.3
    },
    "floor_level": {
      "type": "minecraft:uniform",
      "min_inclusive": -1,
      "max_exclusive": -0.4
    }
  }
}
