{
  "type": "minecraft:chest",
  "pools": [
    {
      "rolls": {
        "type": "minecraft:uniform",
        "min": 1,
        "max": 1
      },
      "bonus_rolls": 0,
      "entries": [
        {
          "type": "minecraft:item",
          "name": "minecraft:map",
          "functions": [
            {
              "function": "minecraft:exploration_map",
              "destination": "nova_structures:pale_residence",
              "decoration": "mansion",
              "zoom": 4,
              "skip_existing_chunks": false
            },
            {
              "function": "minecraft:set_components",
              "components": {
                "minecraft:map_color": 10591642,
                "minecraft:item_name": "{'translate': 'item.dnt.filled_map.illager_manor', 'fallback': 'Illager Manor Map', 'italic': false}"
              }
            }
          ]
        }
      ]
    }
  ],
  "functions": [
    {
      "function": "minecraft:reference",
      "name": "nova_structures:loot_modifier"
    }
  ]
}
