{
  "type": "minecraft:chest",
  "pools": [
    {
      "rolls": 1,
      "bonus_rolls": 0.0,
      "entries": [
        {
          "type": "minecraft:item",
          "functions": [
            {
              "function": "minecraft:enchant_with_levels",
              "levels": {
                "type": "minecraft:uniform",
                "min": -1.0,
                "max": 5.0
              },
              "options": "#nova_structures:frozen"
            },
            {
              "function": "set_damage",
              "damage": {
                "min": 0.01,
                "max": 0.33
              }
            },
            {
              "function": "minecraft:set_count",
              "count": {
                "min": -1,
                "max": 1
              },
              "add": false
            }
          ],
          "name": "minecraft:bow"
        }
      ]
    },
    {
      "rolls": 2,
      "bonus_rolls": 0.0,
      "entries": [
        {
          "type": "minecraft:item",
          "functions": [
            {
              "function": "minecraft:set_count",
              "count": {
                "min": 2,
                "max": 4
              },
              "add": false
            }
          ],
          "name": "minecraft:arrow"
        },
        {
          "type": "minecraft:item",
          "functions": [
            {
              "function": "minecraft:set_count",
              "count": {
                "min": 1,
                "max": 2
              },
              "add": false
            },
            {
              "function": "minecraft:set_potion",
              "id": "minecraft:slowness"
            }
          ],
          "name": "minecraft:tipped_arrow"
        }
      ]
    },
    {
      "rolls": 2,
      "bonus_rolls": 0.0,
      "entries": [
        {
          "type": "minecraft:item",
          "functions": [
            {
              "function": "minecraft:set_count",
              "count": {
                "min": 2,
                "max": 4
              },
              "add": false
            }
          ],
          "name": "minecraft:string"
        },
        {
          "type": "minecraft:item",
          "functions": [
            {
              "function": "minecraft:set_count",
              "count": {
                "min": 2,
                "max": 3
              },
              "add": false
            }
          ],
          "name": "minecraft:flint"
        },
        {
          "type": "minecraft:item",
          "functions": [
            {
              "function": "minecraft:set_count",
              "count": {
                "min": 2,
                "max": 3
              },
              "add": false
            }
          ],
          "name": "minecraft:stick"
        },
        {
          "type": "minecraft:item",
          "functions": [
            {
              "function": "minecraft:set_count",
              "count": {
                "min": 2,
                "max": 4
              },
              "add": false
            }
          ],
          "name": "minecraft:feather"
        }
      ]
    }
  ],
  "functions": [
    {
      "function": "minecraft:reference",
      "name": "nova_structures:loot_modifier"
    }
  ]
}