{
  "type": "minecraft:spline",
  "spline": {
    "coordinate": "minecraft:realism/mountains/factor/original",
    "points": [
      {
        "location": -0.2,
        "derivative": 0,
        "value": {
          "coordinate": "minecraft:realism/mountains/factor/original",
          "points": [
            {
              "location": 0,
              "derivative": 1,
              "value": 0
            }
          ]
        }
      },
      {
        "location": 0.2,
        "derivative": 0,
        "value": {
          "coordinate": {
            "type": "minecraft:mul",
            "argument1": "minecraft:realism/mountains/factor/original",
            "argument2": {
              "type": "minecraft:mul",
              "argument1": "minecraft:realism/mountains/factor/erosion_trick",
              "argument2": 0.4
            }
          },
          "points": [
            {
              "location": 0,
              "derivative": 1,
              "value": 0
            }
          ]
        }
      }
    ]
  }
}
